date, LordAro, _46, Taneb, bjs, icydoge, liamfraser, Speed`, sdhand, ddm, nitia, is_term_time
2013-10-07, 9, 0, 6, 0, 0, 0, 16, 0, 0, 0, 1
2013-10-08, 46, 13, 4, 0, 0, 0, 74, 0, 0, 0, 1
2013-10-09, 130, 8, 119, 0, 0, 0, 112, 0, 0, 0, 1
2013-10-10, 36, 8, 47, 0, 0, 0, 73, 0, 0, 0, 1
2013-10-11, 24, 23, 53, 0, 0, 0, 22, 0, 0, 0, 1
2013-10-12, 87, 27, 66, 0, 0, 0, 52, 0, 0, 0, 1
2013-10-13, 60, 10, 8, 0, 0, 0, 32, 0, 0, 0, 1
2013-10-14, 33, 44, 17, 0, 0, 0, 61, 0, 0, 0, 1
2013-10-15, 56, 18, 0, 0, 0, 0, 0, 0, 0, 0, 1
2013-10-16, 46, 38, 129, 0, 0, 0, 0, 0, 0, 0, 1
2013-10-17, 55, 41, 73, 0, 0, 0, 0, 0, 0, 0, 1
2013-10-18, 116, 97, 124, 0, 0, 0, 4, 0, 0, 0, 1
2013-10-19, 53, 22, 35, 0, 0, 0, 3, 0, 0, 0, 1
2013-10-20, 22, 16, 38, 0, 0, 0, 1, 0, 0, 0, 1
2013-10-21, 9, 32, 28, 0, 0, 0, 2, 0, 0, 0, 1
2013-10-22, 2, 41, 25, 0, 0, 0, 28, 0, 0, 0, 1
2013-10-23, 89, 34, 32, 0, 0, 0, 4, 0, 0, 0, 1
2013-10-24, 24, 19, 22, 0, 0, 0, 0, 0, 0, 0, 1
2013-10-25, 25, 5, 56, 0, 0, 0, 0, 0, 0, 0, 1
2013-10-27, 2, 0, 2, 0, 0, 0, 0, 0, 0, 0, 1
2013-10-28, 51, 23, 48, 0, 0, 0, 0, 0, 0, 0, 1
2013-10-29, 20, 15, 36, 0, 0, 0, 4, 0, 0, 0, 1
2013-10-30, 12, 14, 12, 0, 0, 0, 0, 0, 0, 0, 1
2013-10-31, 31, 27, 27, 0, 0, 0, 6, 0, 0, 0, 1
2013-11-01, 67, 48, 28, 0, 0, 0, 19, 0, 0, 0, 1
2013-11-02, 28, 3, 15, 0, 0, 0, 0, 0, 0, 0, 1
2013-11-03, 49, 9, 16, 0, 0, 0, 1, 0, 0, 0, 1
2013-11-04, 30, 17, 38, 0, 0, 0, 0, 0, 0, 0, 1
2013-11-05, 38, 31, 59, 0, 0, 0, 4, 0, 0, 0, 1
2013-11-06, 46, 37, 73, 0, 0, 0, 32, 0, 0, 0, 1
2013-11-07, 53, 22, 13, 0, 0, 0, 6, 0, 0, 0, 1
2013-11-08, 62, 31, 74, 0, 0, 0, 93, 0, 0, 0, 1
2013-11-09, 100, 10, 60, 0, 0, 0, 29, 0, 0, 0, 1
2013-11-10, 20, 4, 12, 0, 0, 0, 27, 0, 0, 0, 1
2013-11-11, 24, 3, 55, 0, 0, 0, 10, 0, 0, 0, 1
2013-11-12, 29, 18, 61, 0, 0, 0, 61, 0, 0, 0, 1
2013-11-13, 95, 25, 63, 0, 0, 0, 1, 0, 0, 0, 1
2013-11-14, 44, 5, 33, 0, 0, 0, 0, 0, 0, 0, 1
2013-11-15, 80, 26, 100, 0, 0, 0, 12, 0, 0, 0, 1
2013-11-16, 26, 20, 89, 0, 0, 0, 14, 0, 0, 0, 1
2013-11-17, 114, 17, 171, 0, 0, 0, 34, 0, 0, 0, 1
2013-11-18, 117, 26, 120, 0, 0, 0, 4, 0, 0, 0, 1
2013-11-19, 24, 8, 57, 0, 0, 0, 14, 0, 0, 0, 1
2013-11-20, 52, 22, 23, 0, 0, 0, 6, 0, 0, 0, 1
2013-11-21, 91, 29, 59, 0, 0, 0, 86, 0, 0, 0, 1
2013-11-22, 126, 13, 137, 0, 0, 0, 130, 0, 0, 0, 1
2013-11-23, 206, 13, 90, 0, 0, 0, 180, 0, 0, 0, 1
2013-11-24, 242, 53, 35, 0, 0, 0, 110, 0, 0, 0, 1
2013-11-25, 193, 5, 72, 0, 0, 0, 103, 0, 0, 0, 1
2013-11-26, 61, 34, 59, 0, 0, 0, 37, 0, 0, 0, 1
2013-11-27, 134, 74, 112, 0, 0, 0, 95, 0, 0, 0, 1
2013-11-28, 59, 47, 47, 0, 0, 0, 96, 0, 0, 0, 1
2013-11-29, 56, 26, 77, 0, 0, 0, 86, 0, 0, 0, 1
2013-11-30, 76, 15, 41, 0, 0, 0, 47, 0, 0, 0, 1
2013-12-01, 146, 38, 79, 0, 0, 0, 1, 0, 0, 0, 1
2013-12-02, 145, 33, 114, 0, 0, 0, 234, 0, 0, 0, 1
2013-12-03, 179, 98, 107, 0, 0, 0, 104, 0, 0, 0, 1
2013-12-04, 142, 33, 93, 0, 0, 49, 105, 0, 0, 0, 1
2013-12-05, 68, 77, 100, 0, 0, 92, 11, 0, 0, 0, 1
2013-12-06, 121, 41, 106, 0, 0, 24, 36, 0, 0, 0, 1
2013-12-07, 33, 17, 33, 0, 0, 1, 74, 0, 0, 0, 0
2013-12-08, 30, 58, 39, 0, 0, 0, 54, 0, 0, 0, 0
2013-12-09, 151, 16, 7, 0, 0, 0, 3, 0, 0, 0, 0
2013-12-10, 57, 11, 1, 0, 0, 0, 2, 0, 0, 0, 0
2014-01-04, 16, 1, 17, 0, 0, 0, 3, 0, 0, 0, 0
2014-01-05, 34, 75, 58, 0, 0, 0, 32, 0, 0, 0, 0
2014-01-06, 97, 52, 89, 0, 0, 0, 30, 0, 0, 0, 1
2014-01-07, 141, 95, 163, 0, 0, 0, 30, 0, 0, 0, 1
2014-01-08, 119, 104, 95, 0, 0, 0, 44, 0, 0, 0, 1
2014-01-09, 234, 116, 128, 0, 0, 14, 33, 0, 0, 0, 1
2014-01-10, 182, 50, 67, 0, 0, 1, 33, 0, 0, 0, 1
2014-01-11, 158, 190, 62, 0, 0, 0, 27, 0, 0, 0, 1
2014-01-12, 103, 34, 72, 0, 0, 58, 103, 0, 0, 0, 1
2014-01-13, 92, 121, 43, 0, 0, 24, 119, 0, 0, 0, 1
2014-01-14, 148, 76, 69, 0, 0, 61, 100, 0, 0, 0, 1
2014-01-15, 72, 73, 45, 0, 0, 28, 54, 0, 0, 0, 1
2014-01-16, 49, 101, 56, 0, 0, 30, 49, 0, 0, 0, 1
2014-01-17, 51, 43, 62, 0, 0, 36, 69, 0, 0, 0, 1
2014-01-18, 49, 14, 13, 0, 0, 27, 38, 0, 0, 0, 1
2014-01-19, 166, 47, 61, 0, 0, 73, 48, 0, 0, 0, 1
2014-01-20, 160, 99, 68, 0, 0, 3, 68, 0, 0, 0, 1
2014-01-21, 166, 65, 107, 0, 0, 67, 196, 0, 0, 0, 1
2014-01-22, 88, 23, 54, 0, 0, 6, 63, 0, 0, 0, 1
2014-01-23, 53, 127, 31, 0, 0, 8, 75, 0, 0, 0, 1
2014-01-24, 20, 37, 35, 0, 0, 76, 215, 0, 0, 0, 1
2014-01-25, 152, 59, 79, 0, 0, 6, 0, 0, 0, 0, 1
2014-01-26, 60, 21, 19, 0, 0, 4, 27, 0, 0, 0, 1
2014-01-27, 30, 112, 35, 0, 0, 9, 17, 0, 0, 0, 1
2014-01-28, 61, 33, 38, 0, 0, 0, 30, 0, 0, 0, 1
2014-01-29, 24, 86, 72, 0, 0, 1, 35, 0, 0, 0, 1
2014-01-30, 32, 115, 53, 0, 0, 18, 77, 0, 0, 0, 1
2014-01-31, 69, 39, 61, 0, 0, 13, 21, 0, 0, 0, 1
2014-02-01, 185, 51, 73, 0, 0, 2, 39, 0, 0, 0, 1
2014-02-02, 204, 32, 53, 0, 0, 8, 5, 0, 0, 0, 1
2014-02-03, 66, 15, 36, 0, 0, 2, 2, 0, 0, 0, 1
2014-02-04, 141, 61, 86, 0, 0, 15, 53, 0, 0, 0, 1
2014-02-05, 10, 29, 14, 0, 0, 9, 14, 0, 0, 0, 1
2014-02-06, 29, 18, 45, 0, 0, 7, 25, 0, 0, 0, 1
2014-02-07, 134, 53, 116, 0, 0, 1, 59, 0, 0, 0, 1
2014-02-08, 63, 25, 40, 0, 0, 13, 6, 0, 0, 0, 1
2014-02-09, 68, 26, 37, 0, 0, 0, 14, 0, 0, 0, 1
2014-02-10, 165, 44, 66, 0, 0, 9, 23, 0, 0, 0, 1
2014-02-11, 162, 103, 128, 0, 0, 3, 55, 0, 0, 0, 1
2014-02-12, 20, 36, 39, 0, 0, 13, 34, 0, 0, 0, 1
2014-02-13, 64, 153, 36, 0, 0, 1, 36, 0, 0, 0, 1
2014-02-14, 110, 45, 77, 0, 0, 90, 89, 0, 0, 0, 1
2014-02-15, 98, 48, 44, 0, 0, 49, 74, 0, 0, 0, 1
2014-02-16, 89, 47, 66, 0, 0, 24, 20, 0, 0, 0, 1
2014-02-17, 144, 125, 109, 0, 0, 66, 194, 0, 0, 0, 1
2014-02-18, 106, 77, 88, 0, 0, 4, 85, 0, 0, 0, 1
2014-02-19, 38, 87, 21, 0, 0, 18, 3, 0, 0, 0, 1
2014-02-20, 68, 87, 53, 0, 0, 35, 78, 0, 0, 0, 1
2014-02-21, 41, 77, 46, 0, 0, 0, 35, 0, 0, 0, 1
2014-02-22, 192, 92, 35, 0, 0, 48, 263, 0, 0, 0, 1
2014-02-23, 130, 82, 108, 0, 0, 2, 10, 0, 0, 0, 1
2014-02-24, 213, 194, 92, 0, 0, 83, 136, 0, 0, 0, 1
2014-02-25, 107, 211, 65, 0, 0, 28, 19, 0, 0, 0, 1
2014-02-26, 24, 59, 22, 0, 0, 20, 34, 0, 0, 0, 1
2014-02-27, 61, 127, 40, 0, 0, 19, 63, 0, 0, 0, 1
2014-02-28, 87, 20, 62, 0, 0, 11, 10, 0, 0, 0, 1
2014-03-01, 95, 58, 40, 0, 0, 7, 24, 0, 0, 0, 1
2014-03-02, 71, 55, 96, 0, 0, 0, 32, 0, 0, 0, 1
2014-03-03, 22, 58, 67, 0, 0, 25, 28, 0, 0, 0, 1
2014-03-04, 91, 41, 64, 0, 0, 62, 54, 0, 0, 0, 1
2014-03-05, 33, 47, 21, 0, 0, 29, 19, 0, 0, 0, 1
2014-03-06, 30, 47, 32, 0, 0, 42, 128, 0, 0, 0, 1
2014-03-07, 27, 26, 33, 0, 0, 1, 30, 0, 0, 0, 1
2014-03-08, 41, 36, 46, 0, 0, 0, 34, 0, 0, 0, 1
2014-03-09, 137, 100, 58, 0, 0, 35, 58, 0, 0, 0, 1
2014-03-10, 137, 57, 73, 0, 0, 67, 84, 0, 0, 0, 1
2014-03-11, 146, 29, 75, 0, 0, 39, 149, 0, 0, 0, 1
2014-03-12, 4, 30, 28, 0, 0, 4, 4, 0, 0, 0, 1
2014-03-13, 37, 76, 46, 0, 0, 19, 22, 0, 0, 0, 1
2014-03-14, 40, 33, 50, 0, 0, 5, 21, 0, 0, 0, 1
2014-03-15, 66, 32, 50, 0, 0, 1, 45, 0, 0, 0, 0
2014-03-16, 150, 7, 29, 0, 0, 0, 6, 0, 0, 0, 0
2014-03-17, 176, 62, 142, 0, 0, 0, 18, 0, 0, 0, 0
2014-03-18, 72, 86, 157, 0, 0, 5, 9, 0, 0, 0, 0
2014-03-19, 31, 62, 58, 0, 0, 3, 20, 0, 0, 0, 0
2014-03-20, 31, 7, 49, 0, 0, 0, 0, 0, 0, 0, 0
2014-04-18, 18, 13, 12, 0, 0, 2, 0, 0, 0, 0, 0
2014-04-19, 18, 13, 59, 0, 0, 0, 1, 0, 0, 0, 0
2014-04-20, 58, 36, 63, 0, 0, 0, 9, 0, 0, 0, 0
2014-04-21, 61, 100, 122, 0, 0, 0, 1, 0, 0, 0, 0
2014-04-22, 48, 76, 54, 0, 0, 0, 93, 0, 0, 0, 1
2014-04-23, 63, 61, 50, 0, 0, 0, 2, 0, 0, 0, 1
2014-04-24, 66, 62, 59, 0, 0, 4, 13, 0, 0, 0, 1
2014-04-25, 149, 61, 127, 0, 0, 0, 1, 0, 0, 0, 1
2014-04-26, 56, 24, 49, 0, 0, 0, 8, 0, 0, 0, 1
2014-04-27, 95, 30, 54, 0, 0, 0, 1, 0, 0, 0, 1
2014-04-28, 91, 22, 64, 0, 0, 0, 5, 0, 0, 0, 1
2014-04-29, 50, 30, 89, 0, 0, 0, 16, 0, 0, 0, 1
2014-04-30, 94, 98, 73, 0, 0, 0, 14, 0, 0, 0, 1
2014-05-01, 64, 73, 110, 0, 0, 0, 13, 0, 0, 0, 1
2014-05-02, 51, 80, 120, 0, 0, 0, 21, 0, 0, 0, 1
2014-05-03, 82, 75, 17, 0, 0, 1, 3, 0, 0, 0, 1
2014-05-04, 112, 80, 46, 0, 0, 0, 0, 0, 0, 0, 1
2014-05-05, 91, 66, 82, 0, 0, 38, 9, 0, 0, 0, 1
2014-05-06, 40, 78, 72, 0, 0, 3, 3, 0, 0, 0, 1
2014-05-07, 75, 44, 46, 0, 0, 20, 11, 0, 0, 0, 1
2014-05-08, 173, 160, 199, 0, 0, 6, 54, 0, 0, 0, 1
2014-05-09, 90, 82, 105, 0, 0, 0, 4, 0, 0, 0, 1
2014-05-10, 140, 0, 69, 0, 0, 15, 15, 0, 0, 0, 1
2014-05-11, 72, 94, 59, 0, 0, 3, 2, 0, 0, 0, 1
2014-05-12, 117, 93, 67, 0, 0, 0, 7, 0, 0, 0, 1
2014-05-13, 149, 139, 35, 0, 0, 0, 12, 0, 0, 0, 1
2014-05-14, 98, 131, 73, 0, 0, 0, 0, 0, 0, 0, 1
2014-05-15, 86, 106, 58, 0, 0, 0, 0, 0, 0, 0, 1
2014-05-16, 130, 61, 87, 0, 0, 1, 10, 0, 0, 0, 1
2014-05-17, 171, 93, 129, 0, 0, 15, 2, 0, 0, 0, 1
2014-05-18, 136, 196, 166, 0, 0, 5, 73, 0, 0, 0, 1
2014-05-19, 229, 192, 166, 0, 0, 21, 73, 0, 0, 0, 1
2014-05-20, 77, 65, 103, 0, 0, 24, 29, 0, 0, 0, 1
2014-05-21, 110, 246, 88, 0, 0, 63, 22, 0, 0, 0, 1
2014-05-22, 125, 229, 112, 0, 0, 14, 43, 0, 0, 0, 1
2014-05-23, 86, 165, 84, 0, 0, 15, 2, 0, 0, 0, 1
2014-05-24, 106, 108, 64, 0, 0, 71, 50, 0, 0, 0, 1
2014-05-25, 61, 164, 59, 0, 0, 22, 14, 0, 0, 0, 1
2014-05-26, 50, 95, 129, 0, 0, 24, 16, 0, 0, 0, 1
2014-05-27, 69, 67, 23, 0, 0, 13, 10, 0, 0, 0, 1
2014-05-28, 17, 66, 12, 0, 0, 22, 39, 0, 0, 0, 1
2014-05-29, 135, 112, 26, 0, 0, 44, 94, 0, 0, 0, 1
2014-05-30, 106, 87, 60, 0, 0, 38, 129, 0, 0, 0, 1
2014-05-31, 74, 43, 101, 0, 0, 42, 30, 0, 0, 0, 1
2014-06-01, 63, 159, 23, 0, 0, 29, 10, 0, 0, 0, 1
2014-06-02, 99, 157, 159, 0, 0, 60, 57, 0, 0, 0, 1
2014-06-03, 98, 124, 132, 0, 0, 47, 29, 0, 0, 0, 1
2014-06-04, 30, 91, 0, 0, 0, 15, 21, 0, 0, 0, 1
2014-06-05, 25, 80, 0, 0, 0, 2, 4, 0, 0, 0, 1
2014-06-06, 25, 125, 104, 0, 0, 1, 15, 0, 0, 0, 1
2014-06-07, 72, 69, 66, 0, 0, 0, 2, 0, 0, 0, 1
2014-06-08, 39, 53, 6, 0, 0, 0, 6, 0, 0, 0, 1
2014-06-09, 51, 66, 12, 0, 0, 0, 1, 0, 0, 0, 1
2014-06-10, 92, 92, 16, 0, 0, 2, 14, 0, 0, 0, 1
2014-06-11, 36, 106, 54, 0, 0, 0, 17, 0, 0, 0, 1
2014-06-12, 56, 80, 63, 0, 0, 0, 8, 0, 0, 0, 1
2014-06-13, 46, 24, 0, 0, 0, 33, 82, 0, 0, 0, 1
2014-06-14, 80, 87, 97, 0, 0, 0, 15, 0, 0, 0, 1
2014-06-15, 49, 99, 165, 0, 0, 0, 54, 0, 0, 0, 1
2014-06-16, 58, 168, 66, 0, 0, 0, 47, 0, 0, 0, 1
2014-06-17, 41, 47, 33, 0, 0, 6, 46, 0, 0, 0, 1
2014-06-18, 65, 45, 29, 0, 0, 13, 17, 0, 0, 0, 1
2014-06-19, 14, 66, 46, 0, 0, 1, 4, 0, 0, 0, 1
2014-06-20, 77, 88, 4, 0, 0, 5, 3, 0, 0, 0, 1
2014-06-21, 24, 13, 0, 0, 0, 0, 0, 0, 0, 0, 1
2014-06-22, 10, 58, 17, 0, 0, 0, 1, 0, 0, 0, 1
2014-06-23, 49, 40, 107, 0, 0, 3, 24, 0, 0, 0, 1
2014-06-24, 50, 63, 30, 0, 0, 9, 12, 0, 0, 0, 1
2014-06-25, 43, 120, 48, 0, 0, 2, 9, 0, 0, 0, 1
2014-06-26, 39, 10, 26, 0, 0, 2, 0, 0, 0, 0, 1
2014-07-02, 43, 30, 56, 0, 0, 0, 0, 0, 0, 0, 0
2014-07-03, 54, 118, 67, 0, 0, 0, 0, 0, 0, 0, 0
2014-07-04, 53, 44, 79, 0, 0, 0, 0, 0, 0, 0, 0
2014-07-05, 4, 5, 0, 0, 0, 0, 0, 0, 0, 0, 0
2014-07-06, 22, 7, 1, 0, 0, 0, 0, 0, 0, 0, 0
2014-07-25, 51, 6, 17, 0, 0, 0, 0, 0, 0, 0, 0
2014-07-26, 91, 57, 10, 0, 0, 0, 0, 0, 0, 0, 0
2014-07-27, 101, 37, 40, 0, 0, 0, 0, 0, 0, 0, 0
2014-07-28, 46, 30, 19, 0, 0, 0, 0, 0, 0, 0, 0
2014-07-29, 26, 25, 15, 0, 0, 0, 0, 0, 0, 0, 0
2014-07-30, 64, 23, 54, 0, 0, 0, 0, 0, 0, 0, 0
2014-07-31, 29, 32, 21, 0, 0, 0, 0, 0, 0, 0, 0
2014-08-01, 48, 19, 19, 0, 0, 4, 0, 0, 0, 0, 0
2014-08-02, 39, 81, 41, 0, 0, 0, 9, 0, 0, 0, 0
2014-08-03, 71, 31, 9, 0, 0, 0, 2, 0, 0, 0, 0
2014-08-04, 51, 33, 16, 0, 0, 0, 0, 0, 0, 0, 0
2014-08-05, 55, 24, 34, 0, 0, 0, 0, 0, 0, 0, 0
2014-08-06, 16, 31, 8, 0, 0, 0, 2, 0, 0, 0, 0
2014-08-09, 17, 55, 0, 0, 0, 0, 9, 0, 0, 0, 0
2014-08-10, 11, 8, 0, 0, 0, 0, 0, 0, 0, 0, 0
2014-10-23, 43, 24, 0, 0, 28, 2, 13, 0, 0, 12, 1
2014-10-24, 88, 57, 10, 0, 35, 19, 43, 0, 0, 0, 1
2014-10-25, 88, 15, 0, 0, 18, 10, 19, 0, 0, 0, 1
2014-10-26, 147, 11, 23, 0, 44, 0, 8, 0, 0, 8, 1
2014-10-27, 90, 60, 65, 0, 75, 19, 136, 0, 0, 14, 1
2014-10-28, 133, 26, 24, 0, 12, 173, 122, 0, 0, 24, 1
2014-10-29, 68, 8, 49, 0, 7, 84, 70, 0, 0, 1, 1
2014-10-30, 73, 34, 17, 0, 0, 9, 37, 0, 0, 1, 1
2014-10-31, 42, 32, 15, 0, 39, 53, 79, 0, 0, 1, 1
2014-11-01, 56, 2, 0, 0, 8, 13, 84, 0, 0, 0, 1
2014-11-13, 49, 9, 46, 0, 29, 86, 64, 0, 0, 0, 1
2014-11-14, 32, 83, 18, 0, 43, 108, 85, 0, 0, 4, 1
2014-11-15, 29, 24, 34, 0, 24, 70, 77, 0, 0, 1, 1
2014-11-16, 42, 38, 25, 0, 74, 84, 14, 0, 0, 3, 1
2014-11-17, 40, 37, 51, 0, 35, 129, 182, 0, 0, 0, 1
2014-11-18, 21, 10, 13, 0, 3, 6, 8, 0, 0, 0, 1
2014-11-22, 20, 9, 7, 0, 16, 32, 64, 0, 0, 0, 1
2014-11-23, 18, 2, 54, 0, 72, 7, 68, 0, 0, 0, 1
2014-11-24, 19, 40, 49, 0, 35, 44, 22, 0, 0, 0, 1
2014-11-25, 64, 24, 71, 0, 12, 58, 34, 0, 0, 0, 1
2014-11-26, 58, 120, 63, 0, 23, 14, 41, 0, 0, 22, 1
2014-11-27, 135, 91, 38, 0, 55, 154, 214, 0, 0, 2, 1
2014-11-28, 82, 10, 33, 0, 17, 46, 36, 0, 0, 2, 1
2014-11-29, 80, 26, 17, 0, 25, 17, 31, 0, 0, 4, 1
2014-11-30, 104, 22, 85, 0, 79, 19, 30, 0, 0, 3, 1
2014-12-01, 54, 63, 66, 0, 82, 43, 83, 0, 0, 3, 1
2014-12-02, 215, 24, 33, 0, 72, 227, 241, 0, 0, 3, 1
2014-12-03, 107, 64, 36, 0, 83, 86, 88, 0, 0, 16, 1
2014-12-04, 240, 17, 128, 0, 48, 102, 173, 0, 0, 12, 1
2014-12-05, 32, 24, 20, 0, 105, 20, 94, 0, 0, 1, 1
2015-03-04, 168, 66, 66, 0, 27, 277, 404, 0, 0, 6, 1
2015-03-05, 176, 144, 33, 0, 42, 79, 94, 0, 0, 4, 1
2015-03-06, 108, 76, 26, 0, 119, 147, 3, 0, 0, 6, 1
2015-03-07, 85, 137, 2, 0, 77, 164, 61, 0, 0, 3, 1
2015-03-08, 75, 34, 12, 0, 8, 150, 61, 0, 0, 2, 1
2015-03-09, 161, 133, 89, 0, 148, 378, 172, 0, 0, 12, 1
2015-03-10, 152, 61, 30, 0, 81, 78, 122, 0, 0, 2, 1
2015-03-11, 131, 79, 34, 0, 48, 115, 186, 0, 0, 6, 1
2015-03-12, 177, 60, 78, 0, 74, 207, 146, 0, 0, 3, 1
2015-03-13, 205, 94, 47, 0, 58, 110, 207, 0, 0, 2, 1
2015-03-14, 62, 29, 46, 0, 29, 18, 25, 0, 0, 0, 0
2015-03-15, 118, 63, 32, 0, 84, 28, 6, 0, 0, 6, 0
2015-03-16, 240, 102, 133, 0, 47, 10, 25, 0, 0, 0, 0
2015-03-17, 209, 85, 88, 0, 30, 38, 12, 0, 0, 18, 0
2015-03-18, 107, 83, 30, 0, 18, 35, 20, 0, 0, 25, 0
2015-03-19, 107, 117, 49, 0, 38, 20, 18, 0, 0, 19, 0
2015-03-20, 115, 39, 74, 0, 4, 1, 46, 0, 0, 25, 0
2015-03-21, 36, 6, 5, 0, 40, 0, 10, 0, 0, 21, 0
2015-03-22, 62, 41, 0, 0, 57, 2, 8, 0, 0, 7, 0
2015-03-23, 113, 34, 61, 0, 31, 35, 11, 0, 0, 4, 0
2015-03-24, 130, 97, 132, 0, 13, 73, 12, 0, 0, 8, 0
2015-03-25, 132, 39, 53, 0, 44, 74, 76, 0, 0, 1, 0
2015-03-26, 89, 60, 78, 0, 58, 48, 51, 0, 0, 20, 0
2015-03-27, 78, 70, 7, 0, 64, 16, 5, 0, 0, 0, 0
2015-03-28, 63, 46, 14, 0, 39, 21, 0, 0, 0, 12, 0
2015-03-29, 14, 51, 16, 0, 20, 23, 29, 0, 0, 21, 0
2015-03-30, 110, 93, 96, 0, 54, 75, 9, 0, 0, 26, 0
2015-03-31, 81, 22, 87, 0, 76, 21, 49, 0, 0, 51, 0
2015-04-01, 153, 55, 46, 0, 90, 82, 54, 0, 0, 5, 0
2015-04-02, 134, 20, 62, 0, 99, 113, 77, 0, 0, 24, 0
2015-04-03, 71, 43, 40, 0, 23, 0, 15, 0, 0, 6, 0
2015-04-04, 107, 11, 3, 0, 122, 255, 67, 0, 0, 1, 0
2015-04-05, 125, 13, 7, 0, 86, 49, 16, 0, 0, 21, 0
2015-04-06, 97, 41, 68, 0, 74, 102, 37, 0, 0, 32, 0
2015-04-07, 86, 74, 67, 0, 168, 54, 3, 0, 0, 49, 0
2015-04-08, 244, 39, 21, 0, 85, 119, 125, 0, 0, 43, 0
2015-04-09, 224, 50, 77, 0, 112, 63, 56, 0, 0, 68, 0
2015-04-10, 243, 31, 42, 0, 37, 25, 99, 0, 0, 0, 0
2015-04-11, 181, 12, 52, 0, 84, 53, 49, 0, 0, 108, 0
2015-04-12, 140, 103, 72, 0, 53, 167, 74, 0, 0, 9, 0
2015-04-13, 124, 179, 41, 0, 17, 253, 146, 0, 0, 0, 1
2015-04-14, 143, 97, 36, 0, 76, 303, 308, 0, 0, 13, 1
2015-04-15, 124, 42, 3, 0, 57, 193, 118, 0, 0, 56, 1
2015-04-16, 128, 61, 34, 0, 37, 114, 18, 0, 0, 17, 1
2015-04-17, 94, 41, 12, 0, 57, 126, 49, 0, 0, 37, 1
2015-04-18, 114, 38, 49, 0, 16, 128, 13, 0, 0, 6, 1
2015-04-19, 90, 61, 12, 0, 95, 43, 13, 0, 0, 26, 1
2015-04-20, 153, 38, 39, 0, 49, 133, 64, 0, 0, 53, 1
2015-04-21, 105, 24, 39, 0, 108, 363, 98, 0, 0, 37, 1
2015-04-22, 137, 65, 78, 0, 114, 123, 30, 0, 0, 68, 1
2015-04-23, 111, 9, 50, 0, 36, 238, 140, 0, 0, 55, 1
2015-04-24, 91, 28, 45, 0, 34, 185, 110, 0, 0, 16, 1
2015-04-25, 90, 27, 64, 0, 17, 246, 16, 0, 0, 3, 1
2015-04-26, 129, 21, 19, 0, 44, 197, 159, 0, 0, 33, 1
2015-04-27, 204, 74, 48, 0, 30, 301, 116, 0, 0, 10, 1
2015-04-28, 140, 36, 35, 0, 34, 203, 94, 0, 0, 4, 1
2015-04-29, 71, 32, 22, 0, 23, 179, 103, 0, 0, 11, 1
2015-04-30, 84, 25, 62, 0, 14, 95, 22, 0, 0, 10, 1
2015-05-01, 87, 81, 31, 0, 102, 158, 27, 0, 0, 35, 1
2015-05-02, 124, 36, 112, 0, 41, 229, 19, 0, 0, 43, 1
2015-05-03, 60, 46, 41, 0, 33, 110, 17, 0, 0, 6, 1
2015-05-04, 115, 110, 64, 0, 81, 181, 77, 0, 0, 21, 1
2015-05-05, 151, 49, 50, 0, 53, 207, 60, 0, 0, 21, 1
2015-05-06, 228, 43, 54, 0, 50, 263, 162, 0, 0, 27, 1
2015-05-07, 206, 84, 90, 0, 153, 21, 42, 0, 0, 36, 1
2015-05-08, 219, 61, 78, 0, 87, 132, 76, 0, 0, 36, 1
2015-05-09, 128, 23, 1, 0, 35, 64, 115, 0, 0, 6, 1
2015-05-10, 45, 64, 31, 0, 22, 22, 70, 0, 0, 2, 1
2015-05-11, 191, 118, 61, 0, 66, 155, 222, 0, 0, 11, 1
2015-05-12, 155, 54, 61, 0, 55, 127, 196, 0, 0, 13, 1
2015-05-13, 216, 94, 119, 0, 6, 266, 65, 0, 0, 1, 1
2015-05-14, 158, 53, 77, 0, 54, 212, 74, 0, 0, 17, 1
2015-05-15, 150, 35, 27, 0, 19, 90, 52, 0, 0, 3, 1
2015-05-16, 67, 20, 48, 0, 7, 71, 35, 0, 0, 3, 1
2015-05-17, 220, 123, 135, 0, 59, 138, 104, 0, 0, 8, 1
2015-05-18, 187, 127, 29, 0, 37, 156, 24, 0, 0, 7, 1
2015-05-19, 137, 67, 92, 0, 60, 174, 75, 0, 0, 3, 1
2015-05-20, 59, 33, 5, 0, 9, 21, 33, 0, 0, 4, 1
2015-05-21, 175, 97, 42, 0, 79, 270, 22, 0, 0, 12, 1
2015-05-22, 238, 121, 77, 0, 150, 53, 85, 0, 0, 5, 1
2015-05-23, 143, 72, 148, 0, 39, 78, 10, 0, 0, 13, 1
2015-05-24, 70, 36, 46, 0, 62, 107, 45, 0, 0, 0, 1
2015-05-25, 108, 71, 36, 0, 15, 75, 15, 0, 0, 3, 1
2015-05-26, 173, 69, 51, 0, 36, 244, 74, 0, 0, 19, 1
2015-05-27, 67, 71, 50, 0, 28, 214, 47, 0, 0, 4, 1
2015-05-28, 31, 132, 34, 0, 106, 117, 57, 0, 0, 6, 1
2015-05-29, 67, 94, 26, 0, 46, 120, 53, 0, 0, 5, 1
2015-05-30, 71, 155, 85, 0, 6, 70, 116, 0, 0, 41, 1
2015-05-31, 136, 44, 26, 0, 29, 79, 134, 0, 0, 1, 1
2015-06-01, 162, 138, 78, 0, 34, 72, 65, 0, 0, 12, 1
2015-06-02, 81, 84, 5, 0, 52, 68, 14, 0, 0, 16, 1
2015-06-03, 78, 100, 64, 0, 29, 8, 25, 0, 0, 38, 1
2015-06-04, 48, 41, 24, 0, 35, 63, 21, 0, 0, 12, 1
2015-06-05, 116, 38, 68, 0, 18, 55, 71, 0, 0, 0, 1
2015-06-06, 81, 5, 72, 0, 38, 33, 29, 0, 0, 7, 1
2015-06-07, 80, 2, 23, 0, 24, 29, 29, 0, 0, 7, 1
2015-06-08, 107, 36, 109, 0, 30, 58, 52, 0, 0, 5, 1
2015-06-09, 50, 59, 88, 0, 13, 32, 50, 0, 0, 5, 1
2015-06-10, 44, 59, 15, 0, 19, 35, 15, 0, 0, 7, 1
2015-06-11, 94, 31, 58, 0, 37, 54, 62, 0, 0, 2, 1
2015-06-12, 74, 11, 14, 0, 36, 76, 18, 0, 0, 2, 1
2015-06-13, 49, 38, 40, 0, 5, 29, 4, 0, 0, 0, 1
2015-06-14, 51, 50, 40, 0, 21, 43, 4, 0, 0, 1, 1
2015-06-15, 60, 43, 19, 0, 51, 32, 9, 0, 0, 14, 1
2015-06-16, 102, 30, 44, 20, 4, 78, 0, 0, 0, 1, 1
2015-06-17, 112, 23, 80, 125, 88, 62, 5, 0, 0, 38, 1
2015-06-18, 53, 60, 60, 36, 10, 35, 9, 0, 0, 0, 1
2015-06-19, 111, 70, 49, 43, 7, 62, 12, 0, 0, 4, 1
2015-06-20, 33, 44, 40, 59, 60, 0, 7, 0, 0, 1, 0
2015-06-21, 35, 11, 47, 11, 3, 0, 10, 0, 0, 0, 0
2015-06-22, 44, 60, 11, 32, 22, 92, 45, 0, 0, 0, 0
2015-06-23, 46, 33, 26, 45, 13, 52, 18, 0, 0, 2, 0
2015-06-24, 44, 73, 35, 15, 0, 35, 10, 0, 0, 1, 0
2015-06-25, 51, 54, 33, 37, 4, 40, 11, 0, 0, 0, 0
2015-06-26, 59, 28, 7, 121, 37, 14, 0, 0, 0, 6, 0
2015-06-27, 81, 52, 0, 52, 17, 14, 15, 0, 0, 0, 0
2015-06-28, 41, 17, 0, 17, 25, 4, 6, 0, 0, 2, 0
2015-06-29, 105, 27, 0, 38, 2, 25, 22, 0, 0, 16, 0
2015-06-30, 113, 70, 113, 90, 70, 50, 13, 0, 0, 11, 0
2015-07-01, 102, 53, 92, 135, 47, 30, 37, 0, 0, 1, 0
2015-07-02, 96, 29, 100, 43, 42, 0, 15, 0, 0, 10, 0
2015-07-03, 90, 58, 110, 45, 11, 0, 6, 0, 0, 0, 0
2015-07-04, 67, 36, 8, 47, 12, 0, 3, 0, 0, 8, 0
2015-07-05, 89, 61, 73, 33, 8, 0, 10, 0, 0, 3, 0
2015-07-06, 112, 77, 89, 57, 27, 0, 35, 0, 0, 0, 0
2015-07-07, 128, 70, 27, 39, 12, 0, 15, 0, 0, 0, 0
2015-07-08, 120, 42, 40, 74, 24, 0, 11, 0, 0, 0, 0
2015-07-09, 57, 38, 33, 28, 7, 26, 11, 0, 0, 0, 0
2015-07-10, 70, 29, 12, 53, 8, 20, 38, 0, 0, 2, 0
2015-07-11, 121, 8, 44, 12, 18, 0, 6, 0, 0, 2, 0
2015-07-12, 62, 5, 36, 53, 1, 0, 22, 0, 0, 4, 0
2015-07-13, 256, 20, 44, 87, 12, 43, 25, 0, 0, 2, 0
2015-07-14, 173, 42, 63, 58, 2, 11, 16, 0, 0, 0, 0
2015-07-15, 144, 8, 58, 12, 0, 67, 3, 0, 0, 0, 0
2015-07-16, 71, 0, 44, 12, 8, 43, 5, 0, 0, 0, 0
2015-07-17, 110, 34, 91, 7, 0, 32, 17, 0, 0, 0, 0
2015-07-18, 42, 5, 4, 4, 0, 0, 0, 0, 0, 0, 0
2015-07-19, 99, 12, 19, 0, 24, 0, 10, 0, 0, 0, 0
2015-07-20, 236, 34, 132, 6, 3, 4, 23, 0, 0, 0, 0
2015-07-21, 103, 36, 58, 47, 9, 55, 37, 0, 0, 0, 0
2015-07-22, 138, 25, 75, 3, 11, 9, 5, 0, 0, 0, 0
2015-07-23, 134, 70, 149, 30, 9, 4, 0, 0, 0, 3, 0
2015-07-24, 66, 42, 61, 13, 47, 58, 13, 0, 0, 0, 0
2015-07-25, 42, 65, 34, 40, 0, 0, 14, 0, 0, 0, 0
2015-07-26, 86, 13, 40, 1, 5, 4, 3, 0, 0, 1, 0
2015-07-27, 98, 24, 94, 0, 16, 38, 4, 0, 0, 0, 0
2015-07-28, 123, 62, 145, 15, 26, 11, 11, 0, 0, 0, 0
2015-07-29, 176, 55, 54, 15, 0, 33, 60, 0, 0, 0, 0
2015-07-30, 78, 56, 62, 90, 5, 52, 15, 0, 0, 0, 0
2015-07-31, 84, 55, 78, 0, 19, 38, 5, 0, 0, 0, 0
2015-08-01, 82, 6, 31, 3, 8, 0, 58, 0, 0, 0, 0
2015-08-02, 193, 33, 83, 0, 2, 3, 49, 0, 0, 0, 0
2015-08-03, 156, 86, 34, 7, 9, 95, 23, 0, 0, 0, 0
2015-08-04, 81, 60, 179, 9, 0, 23, 60, 0, 0, 1, 0
2015-08-05, 150, 55, 87, 12, 0, 50, 2, 0, 0, 0, 0
2015-08-06, 121, 57, 128, 42, 120, 21, 40, 0, 0, 0, 0
2015-08-07, 112, 29, 70, 0, 17, 38, 22, 0, 0, 0, 0
2015-08-08, 92, 12, 29, 0, 10, 4, 14, 0, 0, 0, 0
2015-08-09, 85, 19, 23, 5, 6, 0, 14, 0, 0, 0, 0
2015-08-10, 44, 29, 0, 12, 11, 10, 2, 0, 0, 6, 0
2015-08-11, 176, 6, 81, 93, 51, 0, 20, 0, 0, 0, 0
2015-08-12, 111, 69, 62, 0, 44, 6, 13, 0, 0, 0, 0
2015-08-13, 48, 63, 83, 27, 13, 17, 33, 0, 0, 14, 0
2015-08-14, 208, 12, 186, 21, 1, 0, 16, 0, 0, 0, 0
2015-08-15, 86, 19, 63, 9, 5, 0, 30, 0, 0, 0, 0
2015-08-16, 111, 21, 143, 0, 4, 3, 4, 0, 0, 0, 0
2015-08-17, 111, 35, 97, 0, 11, 9, 8, 0, 0, 0, 0
2015-08-18, 132, 80, 66, 12, 22, 37, 15, 0, 0, 0, 0
2015-08-19, 77, 72, 18, 40, 9, 30, 19, 0, 0, 0, 0
2015-08-20, 115, 46, 16, 0, 19, 32, 13, 0, 0, 0, 0
2015-08-21, 89, 82, 32, 1, 16, 7, 29, 0, 0, 0, 0
2015-08-22, 41, 27, 0, 4, 3, 20, 9, 0, 0, 0, 0
2015-08-23, 50, 18, 0, 0, 2, 16, 3, 0, 0, 0, 0
2015-08-24, 110, 65, 158, 13, 35, 19, 19, 0, 0, 0, 0
2015-08-25, 103, 54, 180, 7, 14, 3, 0, 0, 0, 0, 0
2015-08-26, 69, 49, 146, 0, 22, 14, 4, 0, 0, 0, 0
2015-08-27, 82, 42, 50, 4, 18, 7, 7, 0, 0, 11, 0
2015-08-28, 108, 61, 115, 78, 14, 41, 64, 0, 0, 9, 0
2015-08-29, 64, 30, 4, 50, 10, 0, 0, 0, 0, 2, 0
2015-08-30, 148, 10, 57, 8, 27, 37, 0, 0, 0, 4, 0
2015-08-31, 130, 10, 31, 35, 9, 0, 0, 0, 0, 43, 0
2015-09-01, 99, 60, 21, 48, 67, 32, 45, 0, 0, 17, 0
2015-09-02, 105, 64, 43, 19, 5, 54, 19, 0, 0, 2, 0
2015-09-03, 72, 28, 62, 2, 54, 37, 24, 0, 0, 55, 0
2015-09-04, 69, 65, 35, 23, 7, 82, 48, 0, 0, 15, 0
2015-09-05, 66, 14, 18, 56, 27, 78, 8, 0, 0, 9, 0
2015-09-06, 50, 64, 108, 80, 6, 19, 2, 0, 0, 2, 0
2015-09-07, 86, 36, 161, 101, 54, 80, 62, 0, 0, 0, 0
2015-09-08, 94, 12, 91, 17, 2, 77, 46, 0, 0, 1, 0
2015-09-09, 94, 68, 99, 95, 58, 90, 7, 0, 0, 0, 0
2015-09-10, 85, 37, 128, 23, 31, 33, 24, 0, 0, 2, 0
2015-09-11, 183, 46, 60, 26, 17, 50, 12, 0, 0, 5, 0
2015-09-12, 133, 12, 54, 29, 28, 118, 16, 0, 0, 0, 0
2015-09-13, 128, 11, 80, 38, 29, 77, 30, 0, 0, 3, 0
2015-09-14, 150, 40, 49, 16, 12, 54, 21, 0, 0, 14, 0
2015-09-15, 83, 28, 9, 25, 23, 82, 68, 0, 0, 6, 0
2015-09-16, 98, 54, 42, 18, 11, 60, 17, 0, 0, 3, 0
2015-09-17, 203, 28, 26, 53, 21, 117, 18, 0, 0, 17, 0
2015-09-18, 110, 47, 8, 46, 4, 27, 3, 0, 0, 45, 0
2015-09-19, 138, 30, 32, 12, 2, 42, 0, 0, 0, 5, 0
2015-09-20, 166, 35, 30, 28, 0, 18, 0, 0, 0, 1, 0
2015-09-21, 224, 81, 100, 46, 56, 89, 66, 0, 0, 8, 0
2015-09-22, 160, 57, 121, 112, 26, 87, 45, 0, 0, 8, 0
2015-09-23, 115, 61, 123, 44, 8, 135, 30, 0, 0, 17, 0
2015-09-24, 92, 85, 176, 77, 52, 72, 6, 0, 0, 6, 0
2015-09-25, 121, 47, 50, 81, 41, 147, 69, 0, 0, 4, 0
2015-09-26, 16, 15, 12, 82, 8, 21, 28, 0, 0, 7, 0
2015-09-27, 160, 26, 16, 19, 65, 145, 52, 0, 0, 13, 0
2015-09-28, 74, 25, 55, 115, 53, 139, 97, 0, 0, 29, 1
2015-09-29, 66, 38, 42, 50, 52, 93, 79, 0, 0, 4, 1
2015-09-30, 115, 65, 110, 34, 45, 52, 47, 0, 0, 1, 1
2015-10-01, 109, 42, 18, 113, 33, 55, 64, 0, 0, 2, 1
2015-10-02, 158, 34, 84, 101, 93, 75, 73, 0, 0, 8, 1
2015-10-03, 115, 7, 19, 64, 66, 55, 41, 0, 0, 15, 1
2015-10-04, 86, 10, 9, 51, 36, 39, 7, 0, 0, 3, 1
2015-10-05, 243, 97, 111, 349, 84, 44, 42, 0, 0, 62, 1
2015-10-06, 170, 78, 127, 301, 32, 92, 89, 0, 0, 27, 1
2015-10-07, 144, 37, 82, 47, 67, 77, 41, 0, 0, 7, 1
2015-10-08, 140, 67, 44, 203, 136, 24, 34, 0, 0, 11, 1
2015-10-09, 155, 16, 78, 85, 54, 3, 26, 0, 0, 5, 1
2015-10-10, 87, 43, 47, 99, 32, 4, 10, 0, 0, 10, 1
2015-10-11, 134, 49, 64, 88, 44, 11, 0, 0, 0, 4, 1
2015-10-12, 149, 93, 102, 140, 63, 63, 21, 0, 0, 7, 1
2015-10-13, 108, 34, 137, 98, 56, 4, 58, 0, 0, 31, 1
2015-10-14, 90, 35, 69, 15, 45, 29, 12, 0, 0, 31, 1
2015-10-15, 143, 34, 160, 30, 29, 49, 68, 0, 0, 34, 1
2015-10-16, 86, 10, 76, 37, 32, 48, 58, 0, 0, 12, 1
2015-10-17, 58, 27, 2, 38, 26, 15, 23, 0, 0, 14, 1
2015-10-18, 32, 40, 31, 42, 65, 0, 13, 0, 0, 20, 1
2015-10-19, 108, 3, 148, 67, 47, 39, 28, 0, 0, 70, 1
2015-10-20, 202, 31, 83, 13, 35, 78, 103, 0, 0, 6, 1
2015-10-21, 88, 91, 42, 33, 39, 53, 114, 0, 0, 18, 1
2015-10-22, 122, 36, 88, 174, 59, 34, 84, 0, 0, 38, 1
2015-10-23, 77, 102, 59, 52, 38, 42, 138, 0, 0, 14, 1
2015-10-24, 127, 10, 100, 88, 26, 30, 27, 0, 0, 10, 1
2015-10-25, 178, 66, 61, 102, 59, 123, 91, 0, 0, 2, 1
2015-10-26, 96, 56, 145, 83, 70, 90, 34, 0, 0, 14, 1
2015-10-27, 70, 62, 82, 62, 59, 48, 183, 0, 0, 7, 1
2015-10-28, 110, 74, 30, 96, 37, 9, 93, 0, 0, 39, 1
2015-10-29, 102, 39, 15, 15, 37, 75, 74, 0, 0, 7, 1
2015-10-30, 69, 32, 34, 4, 10, 5, 79, 0, 0, 1, 1
2015-10-31, 19, 60, 33, 31, 29, 8, 19, 0, 0, 8, 1
2015-11-01, 60, 83, 50, 26, 21, 2, 57, 0, 0, 0, 1
2015-11-02, 59, 111, 71, 42, 25, 86, 18, 0, 0, 0, 1
2015-11-03, 69, 50, 25, 47, 4, 10, 9, 0, 0, 7, 1
2015-11-04, 65, 109, 63, 118, 48, 39, 61, 0, 0, 1, 1
2015-11-05, 150, 47, 103, 183, 32, 68, 146, 0, 0, 0, 1
2015-11-06, 78, 54, 50, 62, 9, 33, 6, 0, 0, 8, 1
2015-11-07, 99, 46, 13, 34, 5, 6, 14, 0, 0, 0, 1
2015-11-08, 40, 38, 11, 30, 0, 35, 15, 0, 0, 0, 1
2015-11-09, 95, 32, 75, 108, 88, 27, 116, 0, 0, 14, 1
2015-11-10, 89, 66, 84, 71, 30, 41, 65, 0, 0, 3, 1
2015-11-11, 62, 38, 49, 16, 21, 5, 16, 0, 0, 1, 1
2015-11-12, 63, 22, 68, 47, 68, 9, 84, 0, 0, 2, 1
2015-11-13, 102, 42, 33, 39, 45, 9, 0, 0, 0, 3, 1
2015-11-14, 64, 12, 11, 30, 23, 6, 4, 0, 0, 19, 1
2015-11-15, 80, 93, 95, 54, 22, 14, 19, 0, 0, 0, 1
2015-11-16, 63, 50, 105, 36, 59, 0, 9, 0, 0, 3, 1
2015-11-17, 163, 43, 83, 80, 43, 28, 13, 0, 0, 1, 1
2015-11-18, 115, 0, 58, 21, 5, 70, 79, 0, 0, 2, 1
2015-11-19, 107, 17, 51, 18, 5, 22, 121, 0, 0, 0, 1
2015-11-20, 140, 128, 137, 45, 34, 37, 19, 0, 0, 1, 1
2015-11-21, 102, 47, 72, 31, 8, 8, 13, 0, 0, 0, 1
2015-11-22, 96, 40, 33, 45, 22, 17, 15, 0, 0, 12, 1
2015-11-23, 109, 90, 64, 55, 16, 56, 38, 0, 0, 6, 1
2015-11-24, 138, 167, 63, 74, 11, 42, 40, 0, 0, 13, 1
2015-11-25, 99, 70, 49, 26, 18, 33, 13, 0, 0, 15, 1
2015-11-26, 73, 31, 54, 29, 26, 9, 1, 0, 0, 3, 1
2015-11-27, 83, 62, 73, 58, 24, 35, 9, 0, 0, 2, 1
2015-11-28, 79, 23, 2, 101, 14, 0, 2, 0, 0, 0, 1
2015-11-29, 89, 71, 63, 68, 38, 32, 11, 0, 0, 24, 1
2015-11-30, 55, 36, 42, 76, 59, 87, 45, 0, 0, 8, 1
2015-12-01, 136, 27, 77, 79, 75, 36, 71, 0, 0, 11, 1
2015-12-02, 142, 47, 35, 36, 25, 34, 2, 0, 0, 4, 1
2015-12-03, 88, 64, 53, 41, 24, 11, 21, 0, 0, 0, 1
2015-12-04, 94, 71, 80, 93, 60, 88, 21, 0, 0, 10, 1
2015-12-05, 90, 98, 95, 32, 37, 15, 1, 0, 0, 8, 0
2015-12-06, 82, 61, 41, 48, 39, 0, 5, 0, 0, 4, 0
2015-12-07, 137, 99, 27, 14, 48, 8, 0, 0, 0, 2, 0
2015-12-08, 161, 103, 28, 47, 68, 36, 0, 0, 0, 2, 0
2015-12-09, 183, 111, 134, 12, 37, 11, 14, 0, 0, 13, 0
2015-12-10, 62, 63, 3, 31, 23, 15, 1, 0, 0, 3, 0
2015-12-11, 41, 147, 0, 6, 26, 6, 0, 0, 0, 4, 0
2015-12-12, 122, 64, 0, 5, 35, 0, 0, 0, 0, 3, 0
2015-12-13, 138, 22, 75, 22, 43, 21, 0, 0, 0, 5, 0
2015-12-14, 96, 32, 26, 41, 22, 46, 7, 0, 0, 17, 0
2015-12-15, 67, 174, 46, 97, 36, 39, 10, 0, 0, 1, 0
2015-12-16, 137, 147, 117, 31, 9, 6, 4, 0, 0, 2, 0
2015-12-17, 130, 74, 105, 67, 17, 21, 11, 0, 0, 0, 0
2015-12-18, 75, 104, 97, 40, 46, 83, 13, 0, 0, 29, 0
2015-12-19, 63, 41, 75, 16, 11, 24, 20, 0, 0, 33, 0
2015-12-20, 153, 101, 55, 13, 8, 80, 68, 0, 0, 0, 0
2015-12-21, 93, 88, 40, 14, 72, 9, 3, 0, 0, 0, 0
2015-12-22, 134, 68, 11, 31, 24, 48, 39, 0, 0, 0, 0
2015-12-23, 48, 44, 5, 46, 38, 22, 2, 0, 0, 0, 0
2015-12-24, 142, 116, 94, 56, 45, 20, 7, 0, 0, 0, 0
2015-12-25, 42, 40, 22, 41, 25, 0, 0, 0, 0, 10, 0
2015-12-26, 34, 56, 59, 40, 54, 14, 0, 0, 0, 7, 0
2015-12-27, 82, 99, 21, 31, 13, 65, 28, 0, 0, 5, 0
2015-12-28, 46, 106, 15, 30, 26, 12, 15, 0, 0, 2, 0
2015-12-29, 45, 38, 12, 67, 51, 36, 36, 0, 0, 12, 0
2015-12-30, 95, 61, 29, 72, 8, 94, 7, 0, 0, 4, 0
2015-12-31, 160, 68, 39, 67, 39, 26, 1, 0, 0, 32, 0
2016-01-01, 66, 113, 48, 9, 19, 12, 5, 0, 0, 15, 0
2016-01-02, 160, 76, 77, 8, 13, 66, 66, 0, 0, 16, 0
2016-01-03, 130, 151, 69, 63, 68, 98, 72, 0, 0, 25, 0
2016-01-04, 159, 103, 128, 101, 21, 90, 58, 0, 0, 36, 1
2016-01-05, 191, 134, 151, 123, 133, 152, 31, 0, 0, 47, 1
2016-01-06, 126, 46, 67, 74, 42, 92, 43, 0, 0, 32, 1
2016-01-07, 122, 69, 55, 123, 96, 31, 58, 0, 0, 52, 1
2016-01-08, 109, 65, 122, 61, 67, 86, 38, 0, 0, 60, 1
2016-01-09, 64, 19, 34, 58, 45, 1, 36, 0, 0, 2, 1
2016-01-10, 151, 63, 23, 8, 17, 21, 29, 0, 0, 5, 1
2016-01-11, 116, 142, 45, 37, 60, 134, 52, 0, 0, 32, 1
2016-01-12, 122, 117, 54, 48, 35, 53, 148, 0, 0, 98, 1
2016-01-13, 63, 52, 21, 66, 30, 31, 20, 0, 0, 31, 1
2016-01-14, 112, 83, 51, 131, 17, 15, 57, 0, 0, 80, 1
2016-01-15, 115, 89, 71, 51, 31, 50, 56, 0, 0, 33, 1
2016-01-16, 88, 75, 40, 29, 10, 0, 19, 0, 0, 5, 1
2016-01-17, 76, 36, 22, 20, 18, 1, 22, 0, 0, 5, 1
2016-01-18, 118, 65, 73, 46, 47, 88, 17, 0, 0, 11, 1
2016-01-19, 154, 78, 55, 76, 45, 106, 78, 0, 0, 10, 1
2016-01-20, 90, 52, 96, 59, 7, 52, 40, 0, 0, 4, 1
2016-01-21, 169, 57, 85, 27, 34, 65, 33, 0, 0, 37, 1
2016-01-22, 99, 21, 61, 85, 15, 63, 30, 0, 0, 11, 1
2016-01-23, 70, 16, 37, 19, 2, 17, 3, 0, 0, 1, 1
2016-01-24, 88, 46, 75, 61, 46, 18, 1, 0, 0, 14, 1
2016-01-25, 86, 109, 63, 48, 73, 131, 40, 0, 0, 16, 1
2016-01-26, 78, 132, 105, 5, 28, 70, 68, 0, 0, 0, 1
2016-01-27, 59, 91, 34, 116, 46, 100, 38, 0, 0, 12, 1
2016-01-28, 63, 50, 58, 24, 42, 41, 13, 0, 0, 5, 1
2016-01-29, 100, 145, 38, 18, 81, 58, 54, 0, 0, 9, 1
2016-01-30, 112, 123, 35, 6, 19, 54, 43, 0, 0, 1, 1
2016-01-31, 97, 137, 15, 66, 24, 88, 92, 0, 0, 11, 1
2016-02-01, 101, 179, 73, 83, 108, 69, 100, 0, 0, 15, 1
2016-02-02, 147, 94, 47, 42, 57, 39, 92, 0, 0, 21, 1
2016-02-03, 96, 57, 34, 62, 5, 70, 27, 0, 0, 9, 1
2016-02-04, 121, 126, 94, 11, 67, 99, 36, 0, 0, 13, 1
2016-02-05, 81, 133, 37, 16, 31, 27, 18, 0, 0, 23, 1
2016-02-06, 117, 80, 6, 62, 27, 49, 33, 0, 0, 0, 1
2016-02-07, 69, 60, 59, 20, 4, 6, 4, 0, 0, 7, 1
2016-02-08, 81, 92, 67, 93, 35, 67, 78, 0, 0, 19, 1
2016-02-09, 159, 171, 51, 10, 28, 50, 80, 0, 0, 21, 1
2016-02-10, 76, 33, 47, 89, 70, 64, 68, 0, 0, 16, 1
2016-02-11, 99, 72, 91, 30, 26, 125, 46, 0, 0, 4, 1
2016-02-12, 79, 92, 60, 61, 43, 48, 20, 0, 0, 14, 1
2016-02-13, 59, 84, 155, 71, 21, 2, 25, 0, 0, 7, 1
2016-02-14, 124, 49, 27, 32, 9, 77, 0, 0, 0, 20, 1
2016-02-15, 98, 87, 80, 25, 4, 94, 55, 0, 0, 18, 1
2016-02-16, 109, 94, 45, 90, 39, 29, 96, 0, 0, 11, 1
2016-02-17, 110, 59, 43, 40, 48, 28, 22, 0, 0, 2, 1
2016-02-18, 72, 66, 90, 44, 50, 61, 40, 0, 0, 14, 1
2016-02-19, 80, 103, 55, 54, 102, 71, 82, 0, 0, 1, 1
2016-02-20, 150, 125, 35, 28, 28, 54, 12, 0, 0, 3, 1
2016-02-21, 154, 21, 38, 95, 48, 120, 82, 0, 0, 20, 1
2016-02-22, 179, 133, 109, 72, 80, 102, 73, 0, 0, 10, 1
2016-02-23, 186, 63, 50, 14, 33, 147, 206, 0, 0, 35, 1
2016-02-24, 72, 54, 34, 95, 35, 4, 56, 0, 0, 23, 1
2016-02-25, 55, 90, 50, 13, 4, 0, 60, 0, 0, 22, 1
2016-02-26, 44, 205, 28, 19, 27, 55, 42, 0, 0, 23, 1
2016-02-27, 77, 78, 11, 5, 28, 2, 10, 0, 0, 7, 1
2016-02-28, 56, 146, 26, 15, 14, 38, 23, 0, 0, 12, 1
2016-02-29, 82, 51, 65, 80, 57, 138, 136, 0, 0, 27, 1
2016-03-01, 53, 109, 89, 26, 51, 113, 124, 0, 0, 35, 1
2016-03-02, 72, 160, 51, 27, 50, 157, 83, 0, 0, 19, 1
2016-03-03, 75, 128, 38, 18, 13, 165, 216, 0, 0, 22, 1
2016-03-04, 77, 40, 39, 35, 30, 28, 70, 0, 0, 3, 1
2016-03-05, 72, 22, 8, 47, 21, 27, 5, 0, 0, 5, 1
2016-03-06, 48, 40, 12, 3, 3, 64, 22, 0, 0, 3, 1
2016-03-07, 38, 86, 69, 24, 18, 55, 23, 0, 0, 30, 1
2016-03-08, 37, 99, 61, 28, 23, 139, 76, 0, 0, 23, 1
2016-03-09, 36, 94, 21, 28, 29, 27, 41, 0, 0, 33, 1
2016-03-10, 45, 82, 9, 30, 26, 32, 36, 0, 0, 7, 1
2016-03-11, 42, 65, 5, 43, 39, 9, 4, 0, 0, 22, 1
2016-03-12, 68, 54, 20, 26, 23, 2, 4, 0, 0, 12, 0
2016-03-13, 71, 130, 34, 33, 12, 28, 30, 0, 0, 5, 0
2016-03-14, 139, 88, 18, 67, 18, 94, 1, 0, 0, 20, 0
2016-03-15, 95, 105, 2, 60, 31, 60, 0, 0, 0, 27, 0
2016-03-16, 53, 42, 19, 51, 21, 7, 2, 0, 0, 17, 0
2016-03-17, 120, 80, 36, 87, 8, 14, 0, 0, 0, 9, 0
2016-03-18, 49, 86, 20, 77, 7, 0, 6, 0, 0, 16, 0
2016-03-19, 44, 49, 16, 0, 11, 0, 1, 0, 0, 13, 0
2016-03-20, 45, 22, 43, 16, 36, 0, 29, 0, 0, 9, 0
2016-03-21, 55, 71, 35, 46, 6, 60, 37, 0, 0, 16, 0
2016-03-22, 85, 17, 18, 102, 22, 45, 23, 0, 0, 7, 0
2016-03-23, 45, 69, 30, 66, 16, 18, 7, 0, 0, 36, 0
2016-03-24, 55, 41, 34, 22, 39, 45, 0, 0, 0, 14, 0
2016-03-25, 38, 65, 22, 27, 35, 0, 0, 0, 0, 20, 0
2016-03-26, 45, 40, 15, 73, 9, 3, 13, 0, 0, 29, 0
2016-03-27, 32, 58, 48, 26, 12, 10, 1, 0, 0, 16, 0
2016-03-28, 76, 63, 93, 81, 28, 0, 2, 0, 0, 19, 0
2016-03-29, 88, 84, 56, 54, 25, 37, 11, 0, 0, 27, 0
2016-03-30, 111, 46, 46, 80, 6, 36, 46, 0, 0, 9, 0
2016-03-31, 70, 49, 42, 23, 68, 17, 6, 0, 0, 47, 0
2016-04-01, 95, 28, 45, 194, 119, 15, 42, 0, 0, 136, 0
2016-04-02, 113, 27, 27, 159, 50, 38, 75, 0, 0, 64, 0
2016-04-03, 113, 43, 123, 152, 37, 6, 4, 0, 0, 4, 0
2016-04-04, 127, 113, 88, 150, 31, 83, 61, 0, 0, 27, 0
2016-04-05, 100, 62, 54, 78, 14, 90, 48, 0, 0, 35, 0
2016-04-06, 182, 39, 45, 262, 27, 12, 129, 0, 0, 153, 0
2016-04-07, 198, 17, 119, 60, 33, 28, 0, 0, 0, 125, 0
2016-04-08, 41, 61, 71, 99, 30, 41, 0, 0, 0, 114, 0
2016-04-09, 181, 19, 138, 32, 3, 2, 3, 0, 0, 39, 0
2016-04-10, 135, 77, 180, 67, 17, 34, 26, 0, 0, 101, 0
2016-04-11, 97, 56, 77, 35, 35, 70, 13, 0, 0, 45, 1
2016-04-12, 78, 10, 75, 21, 6, 43, 33, 0, 0, 23, 1
2016-04-13, 39, 43, 38, 15, 1, 89, 49, 0, 0, 18, 1
2016-04-14, 48, 22, 60, 34, 11, 11, 25, 0, 0, 11, 1
2016-04-15, 59, 19, 45, 41, 14, 17, 15, 0, 0, 54, 1
2016-04-16, 126, 26, 27, 32, 16, 117, 31, 0, 0, 7, 1
2016-04-17, 143, 9, 21, 15, 5, 103, 45, 0, 0, 49, 1
2016-04-18, 37, 38, 93, 81, 91, 46, 98, 0, 0, 91, 1
2016-04-19, 81, 22, 30, 65, 58, 93, 32, 0, 0, 43, 1
2016-04-20, 121, 91, 33, 51, 7, 25, 11, 0, 0, 45, 1
2016-04-21, 118, 70, 82, 145, 17, 64, 19, 0, 0, 12, 1
2016-04-22, 42, 73, 15, 55, 77, 15, 72, 0, 0, 31, 1
2016-04-23, 153, 35, 27, 84, 26, 13, 16, 0, 0, 6, 1
2016-04-24, 145, 14, 19, 103, 18, 34, 102, 0, 0, 136, 1
2016-04-25, 91, 35, 9, 127, 116, 41, 27, 0, 0, 41, 1
2016-04-26, 71, 18, 29, 86, 46, 8, 25, 0, 0, 21, 1
2016-04-27, 44, 46, 13, 82, 107, 47, 59, 0, 0, 32, 1
2016-04-28, 96, 30, 0, 172, 31, 45, 58, 0, 0, 101, 1
2016-04-29, 85, 42, 0, 56, 67, 17, 12, 0, 0, 62, 1
2016-04-30, 71, 75, 0, 48, 63, 91, 31, 0, 0, 42, 1
2016-05-01, 184, 39, 0, 30, 10, 236, 13, 0, 0, 84, 1
2016-05-02, 103, 104, 0, 77, 106, 70, 3, 0, 0, 54, 1
2016-05-03, 96, 24, 0, 29, 19, 121, 17, 0, 0, 51, 1
2016-05-04, 97, 72, 0, 64, 9, 83, 53, 0, 0, 65, 1
2016-05-05, 79, 28, 8, 198, 39, 112, 24, 0, 0, 111, 1
2016-05-06, 62, 49, 44, 56, 60, 158, 90, 0, 0, 35, 1
2016-05-07, 136, 58, 99, 88, 36, 6, 56, 0, 0, 40, 1
2016-05-08, 45, 50, 34, 95, 72, 56, 0, 0, 0, 31, 1
2016-05-09, 182, 54, 58, 85, 165, 98, 151, 0, 0, 92, 1
2016-05-10, 83, 70, 56, 82, 181, 94, 69, 0, 0, 102, 1
2016-05-11, 31, 52, 26, 93, 82, 25, 14, 0, 0, 24, 1
2016-05-12, 61, 82, 12, 99, 69, 15, 32, 0, 0, 57, 1
2016-05-13, 54, 100, 13, 67, 69, 32, 10, 0, 0, 35, 1
2016-05-14, 117, 114, 44, 10, 77, 16, 25, 0, 0, 38, 1
2016-05-15, 162, 192, 84, 42, 86, 129, 62, 0, 0, 25, 1
2016-05-16, 29, 48, 33, 43, 31, 5, 10, 0, 0, 14, 1
2016-05-17, 24, 30, 52, 27, 7, 0, 59, 0, 0, 11, 1
2016-05-18, 41, 97, 64, 61, 42, 10, 38, 0, 0, 10, 1
2016-05-19, 50, 71, 35, 58, 52, 10, 4, 0, 0, 16, 1
2016-05-20, 38, 72, 23, 20, 17, 13, 32, 0, 0, 13, 1
2016-05-21, 54, 126, 0, 40, 4, 0, 56, 0, 0, 47, 1
2016-05-22, 51, 89, 0, 19, 4, 0, 44, 0, 0, 18, 1
2016-05-23, 34, 30, 30, 65, 44, 0, 8, 0, 0, 19, 1
2016-05-24, 58, 29, 22, 98, 44, 0, 11, 0, 0, 72, 1
2016-05-25, 66, 79, 15, 52, 18, 0, 11, 0, 0, 15, 1
2016-05-26, 87, 69, 56, 59, 41, 0, 6, 0, 0, 27, 1
2016-05-27, 88, 114, 50, 89, 36, 0, 12, 0, 0, 8, 1
2016-05-28, 49, 53, 9, 28, 42, 0, 3, 0, 0, 16, 1
2016-05-29, 127, 107, 49, 49, 18, 63, 6, 0, 0, 6, 1
2016-05-30, 48, 49, 0, 0, 34, 0, 12, 0, 0, 3, 1
2016-05-31, 62, 69, 61, 0, 17, 37, 21, 0, 0, 1, 1
2016-06-01, 75, 40, 38, 29, 46, 38, 8, 0, 0, 1, 1
2016-06-02, 59, 46, 13, 12, 41, 27, 0, 0, 0, 3, 1
2016-06-03, 50, 33, 0, 39, 1, 12, 8, 0, 0, 3, 1
2016-06-04, 100, 87, 12, 23, 10, 0, 0, 0, 0, 0, 1
2016-06-05, 60, 138, 40, 2, 13, 0, 0, 0, 0, 1, 1
2016-06-06, 149, 89, 49, 28, 30, 9, 0, 0, 0, 10, 1
2016-06-07, 81, 59, 15, 9, 45, 30, 0, 0, 0, 24, 1
2016-06-08, 46, 60, 31, 37, 23, 27, 0, 0, 0, 10, 1
2016-06-09, 134, 118, 55, 28, 41, 7, 0, 0, 0, 11, 1
2016-06-10, 52, 64, 16, 33, 23, 43, 0, 0, 0, 9, 1
2016-06-11, 48, 91, 52, 18, 47, 0, 0, 0, 0, 20, 1
2016-06-12, 62, 45, 32, 19, 24, 0, 0, 0, 0, 40, 1
2016-06-13, 74, 145, 58, 12, 81, 34, 0, 0, 0, 50, 1
2016-06-14, 93, 106, 36, 53, 27, 14, 14, 0, 0, 13, 1
2016-06-15, 85, 106, 60, 10, 34, 32, 44, 0, 0, 5, 1
2016-06-16, 122, 52, 85, 36, 46, 4, 8, 0, 0, 42, 1
2016-06-17, 32, 50, 37, 16, 27, 0, 0, 0, 0, 35, 1
2016-06-18, 32, 42, 3, 39, 26, 0, 0, 0, 0, 34, 0
2016-06-19, 86, 39, 9, 38, 37, 0, 0, 0, 0, 43, 0
2016-06-20, 44, 63, 31, 19, 99, 0, 1, 0, 0, 32, 0
2016-06-21, 72, 99, 22, 65, 31, 0, 5, 0, 0, 19, 0
2016-06-22, 69, 78, 7, 104, 69, 0, 0, 0, 0, 58, 0
2016-06-23, 159, 130, 98, 171, 86, 0, 21, 0, 0, 48, 0
2016-06-24, 192, 138, 43, 119, 218, 0, 89, 0, 0, 164, 0
2016-06-25, 49, 101, 18, 45, 64, 0, 20, 0, 0, 55, 0
2016-06-26, 31, 25, 33, 28, 71, 0, 5, 0, 0, 52, 0
2016-06-27, 83, 90, 47, 90, 64, 0, 8, 0, 0, 49, 0
2016-06-28, 63, 73, 63, 94, 61, 0, 0, 0, 0, 18, 0
2016-06-29, 57, 55, 12, 52, 10, 0, 0, 0, 0, 18, 0
2016-06-30, 74, 67, 44, 135, 40, 0, 1, 0, 0, 82, 0
2016-07-01, 36, 53, 0, 53, 61, 0, 5, 0, 0, 5, 0
2016-07-02, 61, 11, 0, 90, 53, 0, 0, 0, 0, 103, 0
2016-07-03, 48, 41, 0, 73, 39, 0, 2, 0, 0, 43, 0
2016-07-04, 47, 56, 0, 53, 26, 0, 2, 0, 0, 24, 0
2016-07-05, 54, 70, 0, 41, 24, 0, 0, 0, 0, 25, 0
2016-07-06, 101, 125, 0, 109, 18, 0, 0, 0, 0, 85, 0
2016-07-07, 49, 121, 0, 75, 64, 0, 0, 0, 0, 8, 0
2016-07-08, 54, 130, 0, 61, 12, 0, 0, 0, 0, 1, 0
2016-07-09, 125, 61, 0, 173, 32, 0, 0, 0, 0, 33, 0
2016-07-10, 46, 114, 18, 75, 93, 0, 0, 0, 0, 15, 0
2016-07-11, 69, 151, 87, 74, 50, 0, 0, 0, 0, 23, 0
2016-07-12, 89, 134, 48, 75, 37, 0, 0, 0, 0, 7, 0
2016-07-13, 119, 131, 74, 42, 13, 0, 1, 0, 0, 20, 0
2016-07-14, 54, 112, 37, 56, 8, 0, 0, 0, 0, 33, 0
2016-07-15, 133, 98, 91, 81, 29, 0, 8, 0, 0, 103, 0
2016-07-16, 73, 95, 84, 121, 62, 0, 5, 0, 0, 34, 0
2016-07-17, 67, 34, 46, 135, 61, 0, 0, 0, 0, 84, 0
2016-07-18, 140, 122, 60, 211, 28, 0, 0, 0, 0, 44, 0
2016-07-19, 64, 132, 4, 56, 25, 0, 0, 0, 0, 55, 0
2016-07-20, 48, 111, 35, 124, 12, 0, 0, 0, 0, 86, 0
2016-07-21, 64, 129, 22, 170, 23, 0, 3, 0, 0, 108, 0
2016-07-22, 92, 117, 15, 149, 48, 0, 8, 0, 0, 91, 0
2016-07-23, 19, 257, 89, 95, 59, 0, 0, 0, 0, 102, 0
2016-07-24, 72, 114, 5, 42, 44, 0, 10, 0, 0, 53, 0
2016-07-25, 53, 142, 19, 101, 29, 0, 0, 0, 0, 124, 0
2016-07-26, 43, 105, 9, 37, 23, 0, 0, 0, 0, 43, 0
2016-07-27, 82, 194, 44, 157, 18, 0, 0, 0, 0, 73, 0
2016-07-28, 48, 88, 23, 119, 28, 0, 0, 0, 0, 75, 0
2016-07-29, 94, 202, 94, 109, 14, 12, 0, 0, 0, 24, 0
2016-07-30, 11, 104, 31, 12, 14, 0, 0, 0, 0, 20, 0
2016-07-31, 42, 106, 10, 3, 35, 0, 0, 0, 0, 28, 0
2016-08-01, 117, 133, 28, 71, 22, 0, 0, 0, 0, 39, 0
2016-08-02, 100, 118, 20, 62, 8, 0, 0, 0, 0, 1, 0
2016-08-03, 46, 168, 0, 41, 26, 0, 0, 0, 0, 21, 0
2016-08-04, 46, 116, 0, 116, 33, 0, 0, 0, 0, 44, 0
2016-08-05, 69, 160, 0, 45, 9, 0, 0, 0, 0, 21, 0
2016-08-06, 63, 84, 0, 21, 86, 0, 0, 0, 0, 10, 0
2016-08-07, 111, 81, 0, 3, 67, 0, 0, 0, 0, 6, 0
2016-08-08, 110, 128, 0, 91, 30, 0, 0, 0, 0, 3, 0
2016-08-09, 78, 133, 0, 88, 5, 0, 0, 0, 0, 12, 0
2016-08-10, 47, 170, 0, 102, 15, 0, 11, 0, 0, 6, 0
2016-08-11, 136, 151, 0, 88, 12, 0, 0, 0, 0, 6, 0
2016-08-12, 102, 87, 0, 156, 17, 0, 0, 0, 0, 30, 0
2016-08-13, 155, 85, 8, 69, 43, 0, 25, 0, 0, 13, 0
2016-08-14, 107, 76, 0, 1, 18, 0, 15, 0, 0, 18, 0
2016-08-15, 137, 116, 0, 96, 13, 0, 0, 0, 0, 14, 0
2016-08-16, 90, 137, 0, 89, 36, 0, 0, 0, 0, 23, 0
2016-08-17, 101, 120, 0, 25, 14, 0, 3, 0, 0, 2, 0
2016-08-18, 179, 116, 24, 108, 5, 0, 103, 0, 0, 4, 0
2016-08-19, 191, 211, 53, 102, 25, 0, 0, 0, 0, 8, 0
2016-08-20, 55, 46, 41, 39, 31, 0, 15, 0, 0, 2, 0
2016-08-21, 145, 114, 51, 213, 65, 0, 0, 0, 0, 120, 0
2016-08-22, 58, 91, 36, 176, 7, 0, 0, 0, 0, 15, 0
2016-08-23, 129, 149, 25, 237, 4, 0, 0, 0, 0, 56, 0
2016-08-24, 77, 144, 27, 142, 10, 0, 0, 0, 0, 7, 0
2016-08-25, 68, 74, 28, 94, 11, 0, 0, 0, 0, 6, 0
2016-08-26, 132, 161, 121, 146, 21, 0, 0, 0, 0, 1, 0
2016-08-27, 141, 84, 24, 29, 47, 0, 0, 0, 0, 0, 0
2016-08-28, 38, 117, 28, 26, 12, 0, 0, 0, 0, 0, 0
2016-08-29, 111, 139, 35, 25, 13, 0, 0, 0, 0, 30, 0
2016-08-30, 7, 113, 41, 184, 6, 0, 0, 0, 0, 38, 0
2016-08-31, 124, 239, 59, 81, 7, 0, 1, 0, 0, 18, 0
2016-09-01, 113, 149, 3, 128, 16, 0, 0, 0, 0, 38, 0
2016-09-02, 60, 115, 0, 184, 3, 0, 0, 0, 0, 15, 0
2016-09-03, 87, 50, 10, 6, 17, 0, 16, 0, 0, 17, 0
2016-09-04, 110, 163, 51, 1, 35, 0, 4, 0, 0, 38, 0
2016-09-05, 154, 166, 12, 52, 0, 0, 0, 0, 0, 13, 0
2016-09-06, 141, 197, 6, 72, 42, 0, 0, 0, 0, 19, 0
2016-09-07, 228, 170, 42, 189, 43, 0, 41, 0, 0, 36, 0
2016-09-08, 100, 73, 112, 162, 19, 0, 2, 0, 0, 39, 0
2016-09-09, 91, 198, 114, 197, 17, 0, 0, 0, 0, 88, 0
2016-09-10, 85, 59, 9, 58, 34, 0, 0, 0, 0, 37, 0
2016-09-11, 137, 75, 47, 67, 23, 0, 0, 0, 0, 23, 0
2016-09-12, 118, 47, 70, 127, 60, 0, 0, 0, 0, 48, 0
2016-09-13, 102, 122, 54, 64, 93, 0, 0, 0, 0, 32, 0
2016-09-14, 67, 117, 102, 57, 27, 0, 0, 0, 0, 55, 0
2016-09-15, 154, 95, 99, 121, 65, 0, 19, 0, 0, 51, 0
2016-09-16, 234, 125, 39, 145, 45, 0, 3, 0, 0, 52, 0
2016-09-17, 123, 39, 17, 69, 33, 0, 24, 0, 0, 14, 0
2016-09-18, 141, 46, 26, 135, 40, 0, 7, 0, 0, 56, 0
2016-09-19, 69, 22, 44, 224, 58, 0, 0, 0, 0, 12, 0
2016-09-20, 69, 90, 41, 37, 83, 0, 72, 0, 0, 29, 0
2016-09-21, 79, 56, 67, 118, 64, 0, 20, 0, 0, 91, 0
2016-09-22, 111, 96, 44, 184, 64, 0, 3, 0, 0, 142, 0
2016-09-23, 126, 69, 40, 151, 17, 0, 32, 0, 0, 85, 0
2016-09-24, 129, 55, 71, 108, 69, 0, 12, 0, 0, 92, 0
2016-09-25, 153, 55, 62, 342, 94, 0, 5, 0, 0, 16, 0
2016-09-26, 170, 80, 52, 154, 87, 0, 105, 0, 0, 0, 1
2016-09-27, 227, 70, 82, 50, 64, 0, 7, 0, 0, 60, 1
2016-09-28, 113, 113, 79, 81, 47, 0, 0, 0, 0, 60, 1
2016-09-29, 102, 55, 63, 111, 40, 0, 0, 0, 0, 15, 1
2016-09-30, 202, 68, 47, 144, 61, 0, 0, 40, 4, 11, 1
2016-10-01, 169, 81, 49, 59, 98, 0, 0, 134, 0, 39, 1
2016-10-02, 170, 103, 34, 162, 73, 0, 0, 83, 0, 20, 1
2016-10-03, 102, 64, 86, 37, 122, 0, 3, 32, 0, 17, 1
2016-10-04, 156, 39, 54, 206, 113, 0, 0, 44, 22, 5, 1
2016-10-05, 153, 61, 83, 149, 62, 0, 0, 25, 39, 9, 1
2016-10-06, 173, 53, 45, 114, 104, 0, 0, 92, 75, 26, 1
2016-10-07, 105, 60, 36, 157, 135, 0, 0, 81, 128, 97, 1
2016-10-08, 137, 10, 0, 56, 95, 0, 0, 0, 5, 30, 1
2016-10-09, 150, 58, 54, 102, 52, 0, 8, 3, 6, 6, 1
2016-10-10, 128, 94, 32, 66, 113, 0, 5, 48, 170, 7, 1
2016-10-11, 211, 81, 88, 12, 43, 0, 1, 280, 251, 19, 1
2016-10-12, 42, 27, 5, 52, 51, 0, 7, 189, 65, 24, 1
2016-10-13, 59, 87, 90, 44, 136, 0, 4, 381, 586, 56, 1
2016-10-14, 250, 65, 55, 145, 75, 0, 0, 344, 512, 145, 1
2016-10-15, 525, 47, 68, 74, 91, 0, 0, 1018, 923, 532, 1
2016-10-16, 284, 36, 59, 80, 46, 0, 10, 637, 920, 882, 1
2016-10-17, 447, 169, 176, 168, 197, 0, 0, 923, 1156, 201, 1
2016-10-18, 175, 141, 80, 226, 180, 0, 0, 444, 694, 258, 1
2016-10-19, 126, 68, 36, 34, 92, 0, 0, 168, 211, 85, 1
2016-10-20, 229, 119, 158, 24, 85, 0, 0, 114, 317, 187, 1
2016-10-21, 177, 96, 47, 124, 131, 0, 0, 386, 441, 268, 1
2016-10-22, 107, 47, 19, 28, 39, 0, 0, 175, 172, 30, 1
2016-10-23, 223, 68, 30, 173, 89, 0, 0, 561, 584, 195, 1
2016-10-24, 147, 54, 105, 84, 138, 0, 17, 476, 293, 243, 1
2016-10-25, 139, 93, 164, 108, 136, 0, 64, 245, 276, 72, 1
2016-10-26, 90, 17, 52, 119, 45, 0, 1, 298, 109, 203, 1
2016-10-27, 172, 40, 65, 220, 204, 0, 6, 233, 411, 153, 1
2016-10-28, 149, 116, 67, 210, 152, 0, 0, 296, 362, 200, 1
2016-10-29, 66, 21, 36, 360, 93, 0, 2, 64, 75, 141, 1
2016-10-30, 90, 23, 37, 140, 71, 0, 0, 38, 0, 129, 1
2016-10-31, 92, 55, 43, 82, 129, 0, 0, 128, 121, 142, 1
2016-11-01, 199, 80, 135, 74, 114, 0, 0, 91, 47, 33, 1
2016-11-02, 59, 132, 27, 44, 109, 0, 0, 108, 98, 39, 1
2016-11-03, 233, 37, 125, 42, 171, 0, 0, 431, 397, 54, 1
2016-11-04, 165, 60, 46, 109, 87, 0, 0, 91, 152, 145, 1
2016-11-05, 37, 13, 2, 110, 129, 0, 0, 93, 89, 144, 1
2016-11-06, 89, 98, 97, 88, 108, 0, 0, 100, 116, 170, 1
2016-11-07, 206, 168, 114, 94, 112, 0, 0, 351, 199, 153, 1
2016-11-08, 164, 97, 76, 75, 125, 0, 18, 187, 146, 54, 1
2016-11-09, 98, 55, 54, 72, 176, 0, 0, 152, 89, 135, 1
2016-11-10, 208, 63, 47, 155, 127, 0, 8, 264, 159, 94, 1
2016-11-11, 59, 26, 40, 47, 80, 0, 7, 137, 47, 46, 1
2016-11-12, 99, 59, 9, 80, 93, 0, 13, 254, 108, 170, 1
2016-11-13, 48, 44, 35, 40, 46, 0, 6, 51, 26, 29, 1
2016-11-14, 154, 121, 105, 117, 264, 0, 4, 279, 824, 422, 1
2016-11-15, 108, 130, 52, 77, 100, 0, 0, 297, 402, 58, 1
2016-11-16, 60, 56, 51, 40, 90, 0, 0, 161, 227, 91, 1
2016-11-17, 161, 76, 63, 173, 127, 0, 10, 422, 557, 280, 1
2016-11-18, 67, 63, 52, 40, 95, 0, 0, 200, 190, 47, 1
2016-11-19, 54, 44, 23, 152, 83, 0, 0, 358, 636, 223, 1
2016-11-20, 143, 156, 80, 157, 84, 0, 0, 310, 558, 226, 1
2016-11-21, 215, 103, 45, 47, 262, 0, 0, 224, 261, 211, 1
2016-11-22, 173, 60, 47, 171, 177, 0, 10, 0, 472, 440, 1
2016-11-23, 62, 20, 71, 274, 51, 0, 5, 0, 759, 182, 1
2016-11-24, 157, 58, 15, 209, 60, 0, 18, 0, 558, 124, 1
2016-11-25, 272, 139, 116, 291, 158, 0, 8, 0, 422, 97, 1
2016-11-26, 236, 40, 61, 190, 133, 0, 77, 344, 577, 192, 1
2016-11-27, 75, 46, 50, 61, 59, 0, 47, 55, 174, 69, 1
2016-11-28, 58, 24, 100, 58, 126, 0, 38, 314, 275, 56, 1
2016-11-29, 62, 23, 28, 87, 51, 0, 8, 89, 86, 97, 1
2016-11-30, 64, 117, 65, 82, 101, 0, 3, 86, 138, 128, 1
2016-12-01, 254, 107, 57, 244, 147, 0, 38, 0, 191, 198, 1
2016-12-02, 193, 44, 99, 242, 205, 0, 0, 0, 233, 191, 1
2016-12-03, 88, 70, 42, 34, 161, 0, 5, 0, 287, 30, 0
2016-12-04, 174, 54, 77, 74, 107, 0, 3, 0, 296, 121, 0
2016-12-05, 185, 24, 20, 165, 43, 0, 0, 0, 178, 102, 0
2016-12-06, 79, 63, 95, 45, 35, 0, 1, 3, 121, 26, 0
2016-12-07, 83, 38, 28, 85, 109, 0, 5, 0, 118, 96, 0
2016-12-08, 112, 56, 27, 280, 52, 0, 82, 0, 226, 146, 0
2016-12-09, 112, 12, 84, 163, 86, 0, 1, 0, 181, 77, 0
2016-12-10, 76, 14, 33, 69, 40, 0, 0, 0, 237, 81, 0
2016-12-11, 94, 31, 49, 105, 61, 0, 0, 0, 128, 4, 0
2016-12-12, 49, 21, 38, 213, 27, 0, 0, 0, 71, 0, 0
2016-12-13, 197, 37, 28, 275, 45, 0, 1, 0, 46, 0, 0
2016-12-14, 128, 10, 22, 230, 83, 0, 0, 0, 76, 6, 0
2016-12-15, 89, 60, 38, 66, 14, 0, 0, 0, 10, 5, 0
2016-12-16, 51, 28, 25, 158, 45, 0, 1, 0, 52, 16, 0
2016-12-17, 179, 28, 28, 474, 126, 0, 5, 0, 260, 40, 0
2016-12-18, 160, 0, 27, 74, 13, 0, 5, 0, 84, 39, 0
2016-12-19, 88, 22, 21, 125, 47, 0, 0, 0, 25, 22, 0
2016-12-20, 82, 12, 24, 248, 24, 0, 0, 0, 149, 50, 0
2016-12-21, 128, 0, 21, 211, 226, 0, 0, 0, 0, 20, 0
2016-12-22, 65, 0, 14, 110, 75, 0, 0, 95, 86, 18, 0
2016-12-23, 75, 65, 5, 99, 79, 0, 0, 93, 4, 59, 0
2016-12-24, 94, 42, 77, 112, 28, 0, 0, 30, 57, 65, 0
2016-12-25, 115, 78, 33, 143, 159, 0, 0, 31, 59, 41, 0
2016-12-26, 113, 51, 32, 122, 64, 0, 0, 51, 0, 32, 0
2016-12-27, 120, 87, 57, 127, 63, 0, 0, 97, 44, 46, 0
2016-12-28, 107, 55, 14, 124, 64, 0, 4, 76, 20, 33, 0
2016-12-29, 115, 84, 90, 218, 56, 0, 0, 108, 37, 43, 0
2016-12-30, 150, 56, 62, 207, 131, 0, 25, 39, 49, 73, 0
2016-12-31, 116, 83, 78, 120, 42, 0, 0, 24, 0, 9, 0
2017-01-01, 95, 22, 3, 241, 98, 0, 10, 39, 54, 48, 0
2017-01-02, 192, 66, 65, 115, 194, 0, 11, 73, 0, 15, 0
2017-01-03, 136, 59, 12, 182, 146, 0, 20, 99, 0, 8, 0
2017-01-04, 106, 77, 44, 142, 38, 0, 0, 71, 7, 21, 0
2017-01-05, 102, 73, 47, 129, 59, 0, 0, 123, 5, 15, 0
2017-01-06, 92, 83, 99, 24, 52, 0, 5, 67, 51, 26, 0
2017-01-07, 130, 88, 68, 51, 30, 0, 3, 185, 86, 22, 0
2017-01-08, 88, 69, 89, 61, 30, 0, 19, 56, 22, 3, 0
2017-01-09, 139, 94, 62, 92, 126, 0, 1, 136, 34, 1, 1
2017-01-10, 237, 125, 76, 175, 79, 0, 0, 317, 97, 90, 1
2017-01-11, 180, 81, 39, 67, 79, 0, 0, 177, 48, 24, 1
2017-01-12, 218, 133, 72, 144, 101, 0, 0, 302, 84, 50, 1
2017-01-13, 150, 121, 74, 53, 82, 0, 1, 155, 44, 46, 1
2017-01-14, 112, 65, 65, 57, 44, 0, 0, 159, 105, 32, 1
2017-01-15, 56, 32, 13, 99, 73, 0, 0, 169, 27, 38, 1
2017-01-16, 120, 52, 61, 77, 81, 0, 0, 152, 180, 24, 1
2017-01-17, 82, 30, 28, 101, 23, 0, 0, 116, 4, 21, 1
2017-01-18, 64, 70, 15, 82, 61, 0, 1, 46, 34, 14, 1
2017-01-19, 79, 76, 69, 98, 40, 0, 0, 199, 295, 50, 1
2017-01-20, 91, 53, 100, 141, 178, 0, 0, 218, 165, 102, 1
2017-01-21, 82, 68, 39, 65, 25, 0, 0, 170, 74, 24, 1
2017-01-22, 87, 96, 82, 74, 86, 0, 0, 331, 213, 91, 1
2017-01-23, 224, 141, 83, 64, 44, 0, 13, 199, 90, 23, 1
2017-01-24, 183, 90, 39, 30, 51, 0, 0, 139, 148, 34, 1
2017-01-25, 70, 141, 59, 67, 71, 0, 0, 98, 16, 7, 1
2017-01-26, 176, 60, 36, 113, 161, 0, 0, 303, 59, 13, 1
2017-01-27, 126, 78, 29, 50, 74, 0, 0, 357, 181, 25, 1
2017-01-28, 105, 155, 20, 19, 26, 0, 0, 66, 2, 15, 1
2017-01-29, 76, 89, 70, 44, 61, 0, 6, 40, 4, 2, 1
2017-01-30, 157, 130, 86, 91, 74, 0, 0, 38, 60, 0, 1
2017-01-31, 83, 30, 32, 44, 96, 0, 0, 35, 71, 24, 1
2017-02-01, 133, 81, 19, 43, 70, 0, 0, 1, 85, 31, 1
2017-02-02, 171, 111, 93, 134, 50, 0, 0, 41, 12, 19, 1
2017-02-03, 102, 46, 94, 37, 55, 0, 0, 34, 41, 7, 1
2017-02-04, 83, 37, 12, 52, 64, 0, 0, 63, 29, 28, 1
2017-02-05, 61, 105, 16, 83, 90, 0, 0, 193, 16, 40, 1
2017-02-06, 237, 66, 100, 49, 88, 0, 0, 167, 123, 30, 1
2017-02-07, 59, 94, 64, 9, 40, 0, 0, 93, 40, 0, 1
2017-02-08, 34, 31, 5, 12, 58, 0, 0, 44, 13, 2, 1
2017-02-09, 135, 112, 41, 82, 107, 0, 0, 129, 8, 0, 1
2017-02-10, 73, 49, 109, 33, 42, 0, 0, 179, 29, 11, 1
2017-02-11, 61, 148, 18, 30, 77, 0, 0, 54, 1, 6, 1
2017-02-12, 126, 48, 83, 14, 27, 0, 0, 61, 11, 7, 1
2017-02-13, 134, 130, 50, 8, 90, 0, 32, 0, 15, 0, 1
2017-02-14, 111, 45, 36, 9, 75, 0, 0, 131, 55, 2, 1
2017-02-15, 91, 53, 37, 6, 16, 0, 0, 10, 13, 5, 1
2017-02-16, 106, 168, 122, 133, 129, 0, 0, 273, 231, 4, 1
2017-02-17, 144, 62, 63, 54, 40, 0, 0, 89, 16, 0, 1
2017-02-18, 87, 107, 101, 9, 35, 0, 0, 140, 11, 6, 1
2017-02-19, 150, 110, 48, 39, 37, 0, 0, 126, 22, 5, 1
2017-02-20, 93, 43, 105, 85, 25, 0, 0, 29, 60, 3, 1
2017-02-21, 95, 75, 94, 108, 56, 0, 0, 155, 89, 3, 1
2017-02-22, 95, 75, 67, 83, 90, 0, 11, 89, 1, 7, 1
2017-02-23, 110, 62, 55, 90, 35, 0, 4, 212, 135, 0, 1
2017-02-24, 137, 170, 80, 38, 37, 0, 8, 206, 115, 0, 1
2017-02-25, 102, 62, 31, 130, 49, 0, 0, 243, 32, 9, 1
2017-02-26, 59, 58, 41, 37, 81, 0, 0, 75, 1, 2, 1
2017-02-27, 150, 102, 49, 8, 80, 0, 0, 80, 6, 0, 1
2017-02-28, 103, 84, 67, 105, 130, 0, 0, 133, 41, 3, 1
2017-03-01, 78, 98, 62, 65, 66, 0, 0, 76, 29, 5, 1
2017-03-02, 136, 76, 33, 109, 146, 0, 0, 115, 67, 1, 1
2017-03-03, 87, 74, 24, 135, 227, 0, 0, 230, 90, 13, 1
2017-03-04, 108, 46, 0, 80, 76, 0, 0, 176, 112, 3, 1
2017-03-05, 148, 139, 5, 72, 83, 0, 0, 166, 54, 0, 1
2017-03-06, 111, 31, 32, 81, 98, 0, 0, 256, 81, 13, 1
2017-03-07, 89, 55, 75, 58, 42, 0, 0, 144, 30, 0, 1
2017-03-08, 72, 83, 33, 48, 102, 0, 0, 125, 19, 13, 1
2017-03-09, 69, 44, 18, 48, 51, 0, 0, 202, 94, 0, 1
2017-03-10, 55, 73, 112, 71, 91, 0, 0, 231, 309, 0, 1
2017-03-11, 67, 83, 33, 31, 29, 0, 0, 141, 60, 0, 1
2017-03-12, 75, 107, 88, 40, 64, 0, 0, 107, 11, 15, 1
2017-03-13, 160, 89, 74, 101, 203, 0, 0, 272, 293, 3, 1
2017-03-14, 167, 75, 86, 28, 116, 0, 0, 182, 149, 0, 1
2017-03-15, 69, 90, 61, 169, 77, 0, 0, 93, 318, 16, 1
2017-03-16, 272, 92, 28, 145, 163, 0, 0, 304, 140, 27, 1
2017-03-17, 225, 79, 109, 124, 102, 0, 0, 196, 78, 1, 1
2017-03-18, 135, 65, 23, 108, 53, 0, 0, 115, 48, 3, 0
2017-03-19, 133, 107, 33, 178, 78, 0, 0, 183, 35, 0, 0
2017-03-20, 45, 137, 26, 52, 33, 0, 0, 89, 0, 0, 0
2017-03-21, 72, 46, 77, 148, 71, 0, 0, 118, 0, 7, 0
2017-03-22, 84, 47, 17, 89, 19, 0, 0, 68, 0, 3, 0
2017-03-23, 121, 68, 34, 70, 11, 0, 0, 100, 0, 5, 0
2017-03-24, 130, 98, 42, 126, 31, 0, 0, 182, 0, 0, 0
2017-03-25, 107, 37, 30, 108, 27, 0, 0, 42, 0, 0, 0
2017-03-26, 40, 24, 11, 94, 27, 0, 0, 45, 0, 2, 0
2017-03-27, 21, 51, 18, 81, 39, 0, 0, 84, 0, 0, 0
2017-03-28, 79, 42, 19, 21, 23, 0, 0, 62, 0, 2, 0
2017-03-29, 92, 92, 39, 90, 76, 0, 0, 73, 0, 0, 0
2017-03-30, 58, 75, 45, 112, 39, 0, 0, 76, 0, 1, 0
2017-03-31, 96, 31, 106, 20, 24, 0, 0, 12, 0, 1, 0
2017-04-01, 32, 9, 37, 17, 29, 0, 0, 0, 0, 1, 0
2017-04-02, 27, 54, 29, 33, 3, 0, 0, 0, 0, 0, 0
2017-04-03, 27, 74, 63, 41, 25, 0, 0, 64, 0, 0, 0
2017-04-04, 53, 63, 26, 65, 33, 0, 0, 33, 0, 0, 0
2017-04-05, 46, 44, 34, 13, 52, 0, 0, 75, 0, 1, 0
2017-04-06, 52, 50, 58, 62, 31, 0, 0, 27, 0, 0, 0
2017-04-07, 82, 16, 31, 32, 30, 0, 0, 10, 0, 0, 0
2017-04-08, 97, 74, 48, 100, 65, 0, 0, 21, 0, 3, 0
2017-04-09, 62, 27, 34, 56, 63, 0, 0, 29, 0, 0, 0
2017-04-10, 96, 97, 19, 58, 50, 0, 0, 3, 0, 11, 0
2017-04-11, 168, 67, 19, 169, 94, 0, 0, 237, 0, 0, 0
2017-04-12, 96, 100, 46, 124, 91, 0, 0, 118, 0, 1, 0
2017-04-13, 121, 147, 59, 52, 102, 0, 0, 44, 0, 0, 0
2017-04-14, 73, 66, 62, 61, 92, 0, 0, 61, 0, 4, 0
2017-04-15, 103, 61, 99, 52, 38, 0, 0, 115, 0, 0, 0
2017-04-16, 75, 124, 30, 52, 77, 0, 0, 159, 11, 1, 0
2017-04-17, 107, 74, 33, 56, 132, 0, 0, 103, 0, 0, 0
2017-04-18, 168, 107, 63, 114, 109, 0, 0, 188, 0, 10, 1
2017-04-19, 122, 211, 131, 251, 134, 0, 0, 320, 0, 1, 1
2017-04-20, 72, 88, 71, 11, 55, 0, 25, 116, 2, 4, 1